{
	"resultCode" : 1,
	"response" : [ {
		"name" : "lzp",
		"month" : 1,
		"basicSalary" : 3800.00,
		"tudySalary" : 1500.00,
		"seniortySalary" : 300.00,
		"trafficSubSidy" : 123.00,
		"otherSubSidy" : 100.00,
		"housingFoud" : 200.00,
		"attendenceBonus" : 25,
		"deductionA" : 100.00,
		"deductionB" : 250.00,
		"totalTime" : "2017-01-28"
	}, {
		"name" : "lzp",
		"month" : 2,
		"basicSalary" : 3800.00,
		"tudySalary" : 1500.00,
		"seniortySalary" : 300.00,
		"trafficSubSidy" : 123.00,
		"otherSubSidy" : 100.00,
		"housingFoud" : 200.00,
		"attendenceBonus" : 25,
		"deductionA" : 100.00,
		"deductionB" : 250.00,
		"totalTime" : "2017-02-28"
	}......]
}
