{
	"resultCode" : 1,
	"response" : [
		{
		 "name" : "lzp",
		 "age" : 30,
		 "staffNum" : "jsj001",
		 "job" : "teacher",
		 "startJobTime" : "2017-09-01",
		 "departmentId" : "jsj",
		 "idNumber" : "510108...3011",
		 "bankAccount" : "2314....5058"
		 },
		 {
		 "name" : "xz",
		 "age" : 32,
		 "staffNum" : "jsj002",
		 "job" : "teacher",
		 "startJobTime" : "2017-09-02",
		 "departmentId" : "jsj",
		 "idNumber" : "510108...3584",
		 "bankAccount" : "2314....2314"
		 }
		 //......
	]
}